,Product_Name,Product_Price,Item_Status
0,"TawnyOwlVintageBookPageFamiliarWildBirds,Swaysland,NatureIllustration,Art,Painting,Ornithology,BookPlate,GardenBird",4.00,
1,"OriginalChromolithographPlateDeer,Print,BookPage,WallDecor,Art,Ephemera,Lithograph,Animal,Nature,MammalNaturalHistory",9.50,
2,"OriginalChromolithographPlateTurtle,Print,BookPage,WallDecor,Art,Ephemera,Lithograph,Animal,Nature,ReptileNaturalHistory",9.50,
3,"GoldDragonfly(Rhinocyphaanisoptera)IndonesiaTaxidermyFrame,InsectWallArtHomeDecor,Entomology,Mounted,Gift,Curiosity,DeepBox",22.00,
4,"NavyVintagePrint,BookPlate,Page,Double-sided,Uniform,History,WallDecor,Hanging,Interior,Art,Lithograph",16.00,
5,"MusicVintagePrint,BookPlate,Page,Beethoven,Sepia,HistoryWallDecor,Hanging,Interior,Art,History,Lithograph",18.00,
6,"EgyptianArtVintagePrint,BookPlate,Page,Double-sided,Hieroglyphics,WallDecor,Hanging,Interior,Art,History,Lithograph",16.00,
7,"PlantsVintagePrint,BookPlate,Page,Double-sided,Pigeons,BirdsNature,NaturalHistory,WallDecor,Hanging,Interior,Art,Lithograph",16.00,
8,"FirstAidVintagePrint,BookPlate,Page,BlackandWhiteLineDrawing,WallDecor,Hanging,Interior,Art,Lithograph",11.00,
9,"CrownJewelsVintagePrint,BookPlate,Page,Royality,BritishMonarchy,Jewellery,WallDecor,Hanging,Interior,Art,History,Lithograph",12.00,
10,"CommerceVintagePrint,BookPlate,Page,Sepia,HistoryWallDecor,Hanging,Interior,Art,History,Lithograph",18.00,
11,"DogBreedsVintagePrint,BookPlate,Page,Double-sided,Animals,Pets,WallDecor,Hanging,Interior,Art,History,Lithograph",16.00,
12,"MothsVintagePrint,BookPlate,Page,Double-sided,Colourful,Nature,NaturalHistory,WallDecor,Hanging,Interior,Art,Lithograph",16.00,
13,"PigsVintagePrint,BookPlate,Page,Farm,Animal,Black&White,WallDecor,Hanging,Interior,Art,Lithograph",7.50,
14,"MapVintagePrint,BookPlate,Page,England&Wales,WallDecor,Hanging,Interior,Art,Lithograph",11.00,
15,"GemsPreciousStonesJewelsVintagePrint,BookPlate,Page,Nature,WallDecor,Hanging,Interior,Art,Lithograph",16.00,
16,"BirdEggsVintagePrint,BookPlate,Page,Nature,NaturalHistory,WallDecor,Hanging,Interior,Art,History,Lithograph",16.00,
17,"EnglishFashionsVintagePrint,BookPlate,Page,CostumeRoyality,Monarchy,WallDecor,Hanging,Interior,Art,History,Lithograph",22.00,
18,"TropicalFishVintagePrint,BookPlate,Page,Colourful,Nature,NaturalHistory,WallDecor,Hanging,Interior,Art,Lithograph",16.00,
19,"DinosaursVintagePrint,BookPlate,Page,PrehistoricReptilesBlackWhiteWallDecor,Hanging,Interior,Art,History,Lithograph",6.50,
20,"PoliceVintagePrint,BookPlate,Page,LondonMetropolitan,Black&White,WallDecor,Hanging,Interior,Art,Lithograph",7.50,
21,"BattleoftheSommeSetVintagePrints,BookPlate,Page,Map,FirstWorldWar,WallDecor,Hanging,Interior,Art,History,Lithograph",20.00,
22,"ParrotsVintagePrint,BookPlate,Page,ColourfulBirds,Nature,NaturalHistory,WallDecor,Hanging,Interior,Art,Lithograph",16.00,
23,"MapVintagePrint,BookPlate,Page,Europe,WallDecor,Hanging,Interior,Art,Lithograph",11.00,
24,"MapVintagePrint,BookPlate,Page,Europe,WallDecor,Hanging,Interior,Art,Lithograph",11.00,
25,"EngineeringVintagePrint,BookPlate,Page,Steel,Sepia,HistoryWallDecor,Hanging,Interior,Art,History,Lithograph",18.00,
26,"FlowerStructuresVintagePrint,BookPlate,Page,Botany,Nature,LineDrawing,WallDecor,Hanging,Interior,Art,Lithograph",11.00,
27,"CelticCraftmanshipVintagePrint,BookPlate,Page,Amulet,Jewellery,Armour,WallDecor,Hanging,Interior,Art,History,Lithograph",12.00,
28,"Setof3VintageBotanicalBookPages,PrintsPurpleAlpineFlowersGardenFloralPlantsBotanyWallDecorArtInteriorDesignGallery",9.00,
29,"Setof3VintageBotanicalBookPages,PrintsPrimroseAlpineFlowersGardenFloralPlantsBotanyWallDecorArtInteriorDesignGallery",9.00,1 person's basket
30,"Setof3VintageBotanicalBookPages,PrintsPansiesAlpineFlowersGardenFloralPlantsBotanyWallDecorArtInteriorDesignGallery",9.00,
31,"Setof3VintageBotanicalBookPages,PrintsPurpleAlpineFlowersGardenFloralPlantsBotanyWallDecorArtInteriorDesignGallery",9.00,
32,"Setof3VintageBotanicalBookPages,PrintsBlueAlpineFlowersGardenFloralPlantsBotanyWallDecorArtInteriorDesignGallery",9.00,
33,"Setof3VintageBotanicalBookPages,PrintsYellowAlpineFlowersGardenFloralPlantsBotanyWallDecorArtInteriorDesignGallery",9.00,
34,"Setof3VintageBotanicalBookPages,PrintsWhiteAlpineFlowersGardenFloralPlantsBotanyWallDecorArtInteriorDesignGallery",9.00,
35,"Setof3VintageBotanicalBookPages,PrintsDaisiesAlpineFlowersGardenFloralPlantsBotanyWallDecorArtInteriorDesignGallery",9.00,
36,"Setof3VintageBotanicalBookPages,PrintsYellowPoppyAlpineFlowersGardenFloralPlantsBotanyWallDecorArtInteriorDesignGallery",9.00,
37,"Setof3VintageBotanicalBookPages,PrintsAlpineFlowersGardenFloralPlantsBotanyWallDecorArtInteriorDesignGallery",9.00,
38,"TropicalBirdQuetzalVintageBookPage,Print,Double-sided,JohnGould,SouthAmerica,Rainforest,Birds,Nature,NaturalHistory,Art",8.00,
39,"TropicalBirdQuetzalVintageBookPage,Print,Double-sided,JohnGould,SouthAmerica,Rainforest,Birds,Nature,NaturalHistory,Art",8.00,
40,"TawnyOwlVintageBookPageFamiliarWildBirds,Swaysland,NatureIllustration,Art,Painting,Ornithology,BookPlate,GardenBird",4.00,
41,"OriginalChromolithographPlateDeer,Print,BookPage,WallDecor,Art,Ephemera,Lithograph,Animal,Nature,MammalNaturalHistory",9.50,
42,"OriginalChromolithographPlateTurtle,Print,BookPage,WallDecor,Art,Ephemera,Lithograph,Animal,Nature,ReptileNaturalHistory",9.50,
43,"GoldDragonfly(Rhinocyphaanisoptera)IndonesiaTaxidermyFrame,InsectWallArtHomeDecor,Entomology,Mounted,Gift,Curiosity,DeepBox",22.00,
44,"TropicalBirdToucanVintageBookPage,Print,Double-sided,JohnGould,SouthAmerica,Rainforest,Birds,Nature,NaturalHistory,Art",8.00,
45,"TropicalBirdToucanVintageBookPage,Print,Double-sided,JohnGould,SouthAmerica,Rainforest,Birds,Nature,NaturalHistory,Art",8.00,
46,"TropicalBirdTrogonVintageBookPage,Print,Double-sided,JohnGould,SouthAmerica,Rainforest,Birds,Nature,NaturalHistory,Art",8.00,
47,"TropicalBirdTrogonVintageBookPage,Print,Double-sided,JohnGould,SouthAmerica,Rainforest,Birds,Nature,NaturalHistory,Art",8.00,
48,"TropicalBirdQuailVintageBookPage,Print,Double-sided,JohnGould,SouthAmerica,Rainforest,Birds,Nature,NaturalHistory,Art",8.00,
49,"TropicalBirdAracariVintageBookPage,Print,Double-sided,JohnGould,SouthAmerica,Rainforest,Birds,Nature,NaturalHistory,Art",8.00,
50,"TropicalBirdTrogonVintageBookPage,Print,Double-sided,JohnGould,SouthAmerica,Rainforest,Birds,Nature,NaturalHistory,Art",8.00,
51,"TropicalBirdToucanetVintageBookPage,Print,Double-sided,JohnGould,SouthAmerica,Rainforest,Birds,Nature,NaturalHistory,Art",8.00,
52,"TropicalBirdAracariVintageBookPage,Print,Double-sided,JohnGould,SouthAmerica,Rainforest,Birds,Nature,NaturalHistory,Art",8.00,
53,"TropicalBirdPartridgeVintageBookPage,Print,Double-sided,JohnGould,SouthAmerica,Rainforest,Birds,Nature,NaturalHistory,Art",8.00,
54,"TropicalBirdTrogonVintageBookPage,Print,Double-sided,JohnGould,SouthAmerica,Rainforest,Birds,Nature,NaturalHistory,Art",8.00,
55,"TropicalBirdAracariVintageBookPage,Print,Double-sided,JohnGould,SouthAmerica,Rainforest,Birds,Nature,NaturalHistory,Art",8.00,
56,"TropicalBirdTrogonVintageBookPage,Print,Double-sided,JohnGould,SouthAmerica,Rainforest,Birds,Nature,NaturalHistory,Art",8.00,
57,"TropicalFishesVintageBookPage,Fish,Sea,Nature,Print,Antique,Lithograph,BookPlate,WallArt,Hanging,Decor,Illustration",15.00,
58,"BritishButterfliesVintageBookPage,Insect,Nature,Print,Antique,Lithograph,BookPlate,WallArt,Hanging,Decor,Illustration",14.50,
59,"PeepsatNatureBritishMoths,RareNatureVintageBook,NaturalHistory,Antiquarian,Antique,Gift,Insect",24.00,
60,"HelleborePostcard,Flower,Floral,Botanical,PressedFlower,MiniPrint,Plant,Paper",1.80,
61,"BritishWildFlowersVintagePoster,Nature,Print,Antique,Lithograph,BookPlate,WallArt,Hanging,Decor,FloralIllustration",26.00,
62,"OttersVintageBookPage,Fish,Swimming,Nature,Print,Antique,Lithograph,BookPlate,WallArt,Hanging,Decor,Illustration",16.50,
63,"FernPostcard,Flower,Floral,Botanical,PressedFlower,MiniPrint,Plant,Paper",1.80,
64,"GoldenEagleVintageBookPage,BirdofPrey,Nature,Print,Antique,Lithograph,BookPlate,WallArt,Hanging,Decor,Illustration",15.00,
65,"OriginalChromolithographPlateWildFlowers,Print,BookPage,WallDecor,Art,Lithograph,Nature,NaturalHistory,PlantBotanicalFloral",9.50,
66,"OriginalChromolithographPlateWildFlowers,Print,BookPage,WallDecor,Art,Lithograph,Nature,NaturalHistory,PlantBotanicalFloral",9.50,
67,"OriginalChromolithographPlateWildFlowers,Print,BookPage,WallDecor,Art,Lithograph,Nature,NaturalHistory,PlantBotanicalFloral",9.50,
68,"OriginalChromolithographPlateWildFlowers,Print,BookPage,WallDecor,Art,Lithograph,Nature,NaturalHistory,PlantBotanicalFloral",9.50,
69,"TheCrowdHampsteadHeathVintageBookPage,Print,MatingDance,Bird,Nature,Antique,Lithograph,BookPlate,WallArt,Hanging,Decor,",11.00,
70,"OriginalChromolithographPlateWildFlowers,Print,BookPage,WallDecor,Art,Lithograph,Nature,NaturalHistory,PlantBotanicalFloral",9.50,
71,"OriginalChromolithographPlateGrassesPrint,BookPage,WallDecor,Art,Lithograph,Nature,NaturalHistory,Plant,Flowers,Botanical",9.50,1 person's basket
72,"OriginalChromolithographPlateWildFlowers,Print,BookPage,WallDecor,Art,Lithograph,Nature,NaturalHistory,PlantBotanicalFloral",9.50,
73,"OriginalChromolithographPlateGrassesPrint,BookPage,WallDecor,Art,Lithograph,Nature,NaturalHistory,Plant,Flowers,Botanical",9.50,
74,"OriginalChromolithographPlateGrassesPrint,BookPage,WallDecor,Art,Lithograph,Nature,NaturalHistory,Plant,Flowers,Botanical",9.50,
75,"OriginalChromolithographPlateRushesPrint,BookPage,WallDecor,Art,Lithograph,Nature,NaturalHistory,Plant,Flowers,Botanical",9.50,
76,"OriginalChromolithographPlateFlowers,Print,BookPage,WallDecor,Art,Lithograph,Nature,NaturalHistory,Plant,Flowers,Botanical",9.50,1 person's basket
77,"OriginalChromolithographPlateWildFlowers,Print,BookPage,WallDecor,Art,Lithograph,Nature,NaturalHistory,PlantBotanicalFloral",9.50,
78,"OriginalChromolithographPlateFerns,Print,BookPage,WallDecor,Art,Lithograph,Nature,NaturalHistory,Plant,Flowers,Botanical",9.50,
79,"OriginalChromolithographPlateGrassesPrint,BookPage,WallDecor,Art,Lithograph,Nature,NaturalHistory,Plant,Flowers,Botanical",9.50,
80,"TawnyOwlVintageBookPageFamiliarWildBirds,Swaysland,NatureIllustration,Art,Painting,Ornithology,BookPlate,GardenBird",4.00,
81,"OriginalChromolithographPlateDeer,Print,BookPage,WallDecor,Art,Ephemera,Lithograph,Animal,Nature,MammalNaturalHistory",9.50,
82,"OriginalChromolithographPlateTurtle,Print,BookPage,WallDecor,Art,Ephemera,Lithograph,Animal,Nature,ReptileNaturalHistory",9.50,
83,"GoldDragonfly(Rhinocyphaanisoptera)IndonesiaTaxidermyFrame,InsectWallArtHomeDecor,Entomology,Mounted,Gift,Curiosity,DeepBox",22.00,
84,"OriginalChromolithographPlateWildFlowers,Print,BookPage,WallDecor,Art,Lithograph,Nature,NaturalHistory,PlantBotanicalFloral",9.50,
85,"OriginalChromolithographPlateGrasses,Print,BookPage,WallDecor,Art,Lithograph,Nature,NaturalHistory,Plant,Flowers,Botanical",9.50,
86,"OriginalChromolithographPlateWildFlowers,Print,BookPage,WallDecor,Art,Lithograph,Nature,NaturalHistory,PlantBotanicalFloral",9.50,
87,"OriginalChromolithographPlateWildFlowers,Print,BookPage,WallDecor,Art,Lithograph,Nature,NaturalHistory,Plant,Botanical",9.50,
88,"OriginalChromolithographPlateWildFlowers,Print,BookPage,WallDecor,Art,Lithograph,Nature,NaturalHistory,PlantBotanicalFloral",9.50,
89,"OriginalChromolithographPlateWildFlowers,Print,BookPage,WallDecor,Art,Lithograph,Nature,NaturalHistory,PlantBotanicalFloral",9.50,
90,"OriginalChromolithographPlateWildFlowers,Print,BookPage,WallDecor,Art,Lithograph,Nature,NaturalHistory,PlantBotanicalFloral",9.50,
91,"OriginalChromolithographPlateWildFlowers,Print,BookPage,WallDecor,Art,Lithograph,Nature,NaturalHistory,PlantBotanicalFloral",9.50,
92,"OriginalChromolithographPlateWildFlowers,Print,BookPage,WallDecor,Art,Lithograph,Nature,NaturalHistory,PlantBotanicalFloral",9.50,
93,"OriginalChromolithographPlateWildFlowers,Print,BookPage,WallDecor,Art,Lithograph,Nature,NaturalHistory,PlantBotanicalFloral",9.00,
94,"OriginalChromolithographPlateWildFlowers,Print,BookPage,WallDecor,Art,Lithograph,Nature,NaturalHistory,PlantBotanicalFloral",9.50,
95,"OriginalChromolithographPlateWildFlowers,Print,BookPage,WallDecor,Art,Lithograph,Nature,NaturalHistory,PlantBotanicalFloral",9.50,
96,"OriginalChromolithographPlateWildFlowers,Print,BookPage,WallDecor,Art,Lithograph,Nature,NaturalHistory,PlantBotanicalFloral",9.50,
97,"OriginalChromolithographPlateWildFlowers,Print,BookPage,WallDecor,Art,Lithograph,Nature,NaturalHistory,PlantBotanicalFloral",9.50,
98,"OriginalChromolithographPlateWildFlowers,Print,BookPage,WallDecor,Art,Lithograph,Nature,NaturalHistory,PlantBotanicalFloral",9.50,
99,"OriginalChromolithographPlateWildFlowers,Print,BookPage,WallDecor,Art,Lithograph,Nature,NaturalHistory,PlantBotanicalFloral",9.50,
100,"OriginalChromolithographPlateTrees,Print,BookPage,WallDecor,Art,Lithograph,Nature,NaturalHistory,PlantBotanicalFloral",9.50,
101,"ZoeaLarvaofEdibleCrab,SpermWhale,VintageDouble-sidedBookPlate,NaturePrint,Page,Wayside,Seashore,Sea,Beach,",2.50,
102,"Coral,Clam,ShellVintageDouble-sidedBookPlate,NaturePrint,Page,Wayside,Seashore,Sea,Beach,",2.50,
103,"HumanRace,Man,VintageBookPage,Print,Nature,Antique,Lithograph,BookPlate,WallArt,Hanging,Decor,",12.00,
104,"NeanderthalMan,HumanVintageScienceBookPage,Print,UngulateMammal,Animal,Antique,Lithograph,BookPlate,WallArt,Hanging,Decor,",9.50,
105,"ScallopShells,MusselsVintageDouble-sidedBookPlate,NaturePrint,Page,Wayside,Seashore,Sea,Beach,",3.00,1 person's basket
106,"Rat-tailfish,ShellVintageDouble-sidedBookPlate,NaturePrint,Page,Wayside,Seashore,Sea,Beach,",3.00,
107,"Africanfood-chain,Lion,Zebra,VintageBookPage,Nature,Animal,Print,Antique,Lithograph,BookPlate,WallArt,Hanging,Decor,",12.00,
108,"Bythewindsailor,RockLobsterlarvaeVintageDouble-sidedBookPlate,NaturePrint,Page,Wayside,Seashore,Sea,Beach,",2.50,
109,"Seaweed,Seasquirt,Whelk,SeaslugsVintageDouble-sidedBookPlate,NaturePrint,Page,Wayside,Seashore,Sea,Beach,",2.50,
110,"SleepingSicknessParasite,Medical,Disease,Blood,VintageBookPage,Print,Antique,Lithograph,BookPlate,WallArt,Hanging,Decor,",9.50,
111,"Witchcraft&MagicinAfricaVintageBookPage,Print,Nature,Antique,Lithograph,BookPlate,WallArt,Hanging,Decor,",12.00,
112,"Mendel'sDiscoveryFlowersVintageScienceBookPage,Print,Animal,Antique,Lithograph,BookPlate,WallArt,Hanging,Decor,",9.50,
113,"Fish,SeaSlug,Jellyfish,Prawns,DeepSea,VintageDouble-sidedBookPlate,NaturePrint,Page,Wayside,Seashore,Sea,Beach,",3.00,
114,"DeepseaFish,Eellarvae,VintageDouble-sidedBookPlate,NaturePrint,Page,Wayside,Seashore,Sea,Beach,",3.00,
115,"SeaPenandJellyfish,DeepseaVintageDouble-sidedBookPlate,NaturePrint,Page,Wayside,Seashore,Sea,Beach,",3.00,
116,"Starfish,Urchin,LobsterandCrabVintageDouble-sidedBookPlate,NaturePrint,Page,Wayside,Seashore,Sea,Beach,",3.00,
117,"IndustrialTown,PollutionVintageBookPage,Print,Nature,Antique,Lithograph,BookPlate,WallArt,Hanging,Decor,",9.50,
118,"Amphitrite,Worm,Fish,Gill-rakerMackerel,VintageDouble-sidedBookPlate,NaturePrint,Page,Wayside,Seashore,Sea,Beach,",3.00,
119,"Cuttlefish,Squid,Flyingfish,VintageDouble-sidedBookPlate,NaturePrint,Page,Wayside,Seashore,Sea,Beach,",3.00,
120,"TawnyOwlVintageBookPageFamiliarWildBirds,Swaysland,NatureIllustration,Art,Painting,Ornithology,BookPlate,GardenBird",4.00,
121,"OriginalChromolithographPlateDeer,Print,BookPage,WallDecor,Art,Ephemera,Lithograph,Animal,Nature,MammalNaturalHistory",9.50,
122,"OriginalChromolithographPlateTurtle,Print,BookPage,WallDecor,Art,Ephemera,Lithograph,Animal,Nature,ReptileNaturalHistory",9.50,
123,"GoldDragonfly(Rhinocyphaanisoptera)IndonesiaTaxidermyFrame,InsectWallArtHomeDecor,Entomology,Mounted,Gift,Curiosity,DeepBox",22.00,
124,"Hummingbirds,MimosaTreeVintageBookPage,Print,Bird,Landscape,Nature,Antique,Lithograph,BookPlate,WallArt,Hanging,Decor,",14.00,1 person's basket
125,"HumanSelectionofPigeons&DovesVintageScienceBookPagePrint,Bird,Animal,Antique,Lithograph,BookPlate,WallArt,Hanging,Decor,",12.00,
126,"YellowMeadowAntNest,InsectCommunity,VintageBookPage,Print,Nature,Antique,Lithograph,BookPlate,WallArt,Hanging,Decor,",14.00,
127,"HorseEvolutionVintageScienceBookPage,Print,Oligocene,Sabre-tooth,Animal,Antique,Lithograph,BookPlate,WallArt,Hanging,Decor,",9.50,
128,"DeepSeaSquid,Oyster,VintageDouble-sidedBookPlate,NaturePrint,Page,Wayside,Seashore,Sea,Beach,",3.00,
129,"BirdEggVintageBookPage,Print,Animal,Nature,Antique,Lithograph,BookPlate,WallArt,Hanging,Decor,",12.00,
130,"RedCoral,PearlVintageDouble-sidedBookPlate,NaturePrint,Page,Wayside,Seashore,Sea,Beach,",3.00,
131,"CopepodsandDinoflagellatesVintageDouble-sidedBookPlate,NaturePrint,Page,Wayside,Seashore,Sea,Beach,",3.00,
132,"Seaslug,Nudibranch,AnemonesandCrabVintageDouble-sidedBookPlate,NaturePrint,Page,Wayside,Seashore,Sea,Beach,",3.00,
133,"Starfish,Brittlestar,Featherstars,VintageDouble-sidedBookPlate,NaturePrint,Page,Wayside,Seashore,Sea,Beach,",3.00,
134,"FernRealPressedPlantFrameinBlack,Herbarium,Floating,Chain,Floral,Botanical,Botany,Wallhanging,Green,Botany,HomeDecor",35.00,
135,"HypnotizedLobsters,VintageBookPage,Print,Nature,Antique,Lithograph,BookPlate,WallArt,Hanging,Decor,",12.00,
136,"MandrilVintageBookPage,Print,Animal,Nature,Antique,Lithograph,BookPlate,WallArt,Hanging,Decor,",12.00,
137,"BeakedCoralReefFish,AlgaeVintageDouble-sidedBookPlate,NaturePrint,Page,Wayside,Seashore,Sea,Beach,",3.00,
138,"MegalopaLarvaofEdibleCrab,Copepod,Krill,VintageDouble-sidedBookPlate,NaturePrint,Page,Wayside,Seashore,Sea,Beach,",2.50,
139,"MotherofPearlShell,PearlOyster,OrmerVintageDouble-sidedBookPlate,NaturePrint,Page,Wayside,Seashore,Sea,Beach,",3.00,
140,"RoanAntelopeVintageScienceBookPage,Print,UngulateMammal,Animal,Antique,Lithograph,BookPlate,WallArt,Hanging,Decor,",12.00,
141,"StarFishandFishEggsandLarvaeVintageDouble-sidedBookPlate,NaturePrint,Page,Wayside,Seashore,Sea,Beach,",3.00,
142,"CamouflageVintageBookPage,Print,Insect,Butterfly,Ant,Grasshopper,Nature,Antique,Lithograph,BookPlate,WallArt,Hanging,Decor,",12.00,
143,"LobsterVintageDouble-sidedBookPlate,Crawfish,Plaice,Fish,NaturePrint,Page,Wayside,Seashore,Sea,Beach,",3.00,
144,"TreeForest,Toadstools,Robin,Mushrooms,FungiNatureVintageBookPage,Print,Antique,Lithograph,BookPlate,WallArt,Hanging,Decor,",11.00,
145,"MolluscEvolutionVintageBookPage,Print,Octopus,SeaSlug,Dragon,Nature,Antique,Lithograph,BookPlate,WallArt,Hanging,Decor,",12.00,
146,"CavePaintingVintageBookPage,Print,Prehistoric,History,Animal,Bull,Boar,Antique,Lithograph,BookPlate,WallArt,Hanging,Decor,",11.00,
147,"GrebesVintageBookPage,Print,MatingDance,Bird,Nature,Antique,Lithograph,BookPlate,WallArt,Hanging,Decor,",12.00,
148,"MermaidspurseandJellyfish,SharkRayEggcaseVintageDouble-sidedBookPlate,NaturePrint,Page,Wayside,Seashore,Sea,Beach,",3.00,1 person's basket
149,"DinosaurVintageBookPage,Print,Cretaceous,T-rex,Triceratops,Science,Antique,Lithograph,BookPlate,WallArt,Hanging,Decor,",15.00,
150,"LifeintheOpenSeaVintageBookPage,Print,OceanJellyfish,Fish,Nudibranch,Antique,Lithograph,BookPlate,WallArt,Hanging,Decor,",15.00,
151,"AnimalSkullPlate,BatNoctule,BonesPrint,BookPage,WallDecor,Art,Ephemera,LithographNature,MammalNaturalHistory",2.00,
152,"SeaLifeFishVintageBookPage,Print,Coral,Underwater,Science,Antique,Lithograph,BookPlate,WallArt,Hanging,Decor,",12.00,
153,"AnimalSkullPlate,Seal,BonesPrint,BookPage,WallDecor,Art,Ephemera,LithographNature,MammalNaturalHistory",2.00,
154,"MicroscopeVintageScienceBookPage,Print,Skull,Skeleton,Bones,Antique,Lithograph,BookPlate,WallArt,Hanging,Decor,",10.00,
155,"ButterfliesVintageBookPage,Print,Gynandromorph,Insect,Butterfly,Science,Antique,Lithograph,BookPlate,WallArt,Hanging,Decor,",12.00,
156,"AnimalSkullPlate,Bat,WhaleBonesDouble-sidedPrint,BookPage,WallDecor,Art,Ephemera,LithographNature,MammalNaturalHistory",2.50,
157,"X-rayVintageBookPage,Print,HumanBody,Anatomy,Science,Antique,Lithograph,BookPlate,WallArt,Hanging,Decor,",12.00,
158,"BirdsVintageBookPrintPagePlate-Heron,Bittern,Stork,NatureNaturalHistoryWatercolourIllustrationBookBird",2.50,
159,"AnimalSkullPlate,Fox,Whale,BonesDouble-sidedPrint,BookPage,WallDecor,Art,Ephemera,LithographNature,MammalNaturalHistory",2.00,
160,"TawnyOwlVintageBookPageFamiliarWildBirds,Swaysland,NatureIllustration,Art,Painting,Ornithology,BookPlate,GardenBird",4.00,
161,"OriginalChromolithographPlateDeer,Print,BookPage,WallDecor,Art,Ephemera,Lithograph,Animal,Nature,MammalNaturalHistory",9.50,
162,"OriginalChromolithographPlateTurtle,Print,BookPage,WallDecor,Art,Ephemera,Lithograph,Animal,Nature,ReptileNaturalHistory",9.50,
163,"GoldDragonfly(Rhinocyphaanisoptera)IndonesiaTaxidermyFrame,InsectWallArtHomeDecor,Entomology,Mounted,Gift,Curiosity,DeepBox",22.00,
164,"BirdsVintageBookPrintPagePlate-Bustard,WaterRail,Coot,Moorhen,NatureNaturalHistoryWatercolourIllustrationBookBird",2.50,
165,"PlainTiger(Danauschrysippus)ButterflyTaxidermyBlackFrame,Insect,Orange,WallArt,HomeDecor,Entomology,Mounted,Pinned,Gift",24.00,
166,"CommonGrassYellow(Euremahecabe)ButterflyTaxidermyBlackFrame,Insect,WallArt,HomeDecor,Entomology,Mounted,Pinned,Gift",16.00,
167,"DarkBlueDragonfly(Vestalisluctuosa)JavaIndonesiaTaxidermyFrame,Insect,WallArt,HomeDecor,Entomology,Mounted,Gift,Curiosity,",25.00,
168,"GiantWaspspsHymenopteraJavaIndonesiaTaxidermyFrame,Insect,WallArt,HomeDecor,Entomology,Mounted,Gift,Curiosity,",25.00,
169,"OriginalChromolithographWhalePlate,Print,BookPage,WallDecor,Art,Ephemera,Lithograph,Animal,Nature,MammalNaturalHistory",9.50,
170,"OriginalChromolithographBatPlate,Print,BookPage,WallDecor,Hanging,NaturalHistoryArtEphemera,Lithograph,Animal,Nature,Mammal",9.50,
171,"OriginalChromolithographPlateTurtle,Print,BookPage,WallDecor,Art,Ephemera,Lithograph,Animal,Nature,ReptileNaturalHistory",9.50,
172,"OriginalChromolithographPlateToads,Print,BookPage,WallDecor,Art,Ephemera,Lithograph,Animal,Nature,AmphibianNaturalHistory",9.50,
173,"OriginalChromolithographPlateSnake,Print,BookPage,WallDecor,Art,Ephemera,Lithograph,Animal,Nature,ReptileNaturalHistory",9.50,1 person's basket
174,"OriginalChromolithographPlateLizard,Print,BookPage,WallDecor,Art,Ephemera,Lithograph,Animal,Nature,ReptileNaturalHistory",9.50,
175,"OriginalChromolithographPlateSquirrel,Dormouse,Print,BookPage,WallDecor,Art,Lithograph,Animal,Nature,MammalNaturalHistory",9.50,
176,"OriginalChromolithographPlateSeal,Print,BookPage,WallDecor,Art,Ephemera,Lithograph,Animal,Nature,MammalNaturalHistory",9.50,
177,"OriginalChromolithographPlateRedDeerPrint,BookPage,WallDecor,Art,Lithograph,Animal,Nature,MammalNaturalHistory",9.50,
178,"OriginalChromolithographPlateBadger,OtterPrint,BookPage,WallDecor,Art,Lithograph,Animal,Nature,MammalNaturalHistory",9.50,
179,"OriginalChromolithographPlateSealPrint,BookPage,WallDecor,Art,Lithograph,Animal,Nature,MammalNaturalHistory",9.50,
180,"OriginalChromolithographPlateDeerPrint,BookPage,WallDecor,Art,Lithograph,Animal,Nature,MammalNaturalHistory",9.50,
181,"OriginalChromolithographPlateHare,Print,BookPage,WallDecor,Art,Ephemera,Lithograph,Animal,Nature,MammalNaturalHistory",9.50,
182,"OriginalChromolithographPlateHedgehog,Mole,ShrewPrint,BookPage,WallDecor,Art,Lithograph,Animal,Nature,MammalNaturalHistory",9.50,
183,"OriginalChromolithographPlateFrog,Print,BookPage,WallDecor,Art,Ephemera,Lithograph,Animal,Nature,ReptileNaturalHistory",9.50,
184,"OriginalChromolithographPlateRat,RodentPrint,BookPage,WallDecor,Art,Lithograph,Animal,Nature,MammalNaturalHistory",9.50,
185,"OriginalChromolithographPlateCattle,Print,BookPage,WallDecor,Art,Ephemera,Lithograph,Animal,Nature,MammalNaturalHistory",9.50,
186,"ShellLifebyEdwardStep,NatureVintageBook,NaturalHistory,Antiquarian,Antique,Gift,Seashore,Molluscs,Sea",18.00,1 person's basket
187,"OriginalChromolithographPlateVolePrint,BookPage,WallDecor,Art,Lithograph,Animal,Nature,MammalNaturalHistory",9.50,
188,"OriginalChromolithographPlateNewt,Print,BookPage,WallDecor,Art,Ephemera,Amphibian,Lithograph,Animal,Nature,NaturalHistory",9.50,
189,"OriginalChromolithographDolphinPlate,Print,BookPage,WallDecor,Art,Ephemera,Lithograph,Animal,Nature,MammalNaturalHistory",9.50,
190,"GoldDragonfly(Rhinocyphaanisoptera)IndonesiaTaxidermyFrame,InsectWallArtHomeDecor,Entomology,Mounted,Gift,Curiosity,DeepBox",22.00,2 people's basket
191,"OriginalChromolithographPlateMouse,MicePrint,BookPage,WallDecor,Art,Lithograph,Animal,Nature,MammalNaturalHistory",9.50,
192,"OriginalChromolithographPlateDeer,Print,BookPage,WallDecor,Art,Ephemera,Lithograph,Animal,Nature,MammalNaturalHistory",9.50,
193,"OriginalChromolithographPlateNewt,Print,BookPage,WallDecor,Art,Ephemera,Amphibian,Lithograph,Animal,Nature,NaturalHistory",9.50,
194,"SpanishArmadaShipLithographPrintBookPage,Vintage,WallDecor,Hanging,Interior,Art,Colour,History,Ship,Sea,Nautical",18.00,
195,"TropicalCarpenterBee(Xylocopalatipes),TaxidermyFrame,Insect,WallArt,HomeDecor,Entomology,Mounted,Gift,Curiosity,DeepBox",22.00,
196,"TreeSparrowVintageBookPageFamiliarWildBirds,Swaysland,NatureIllustration,Art,Painting,Ornithology,BookPlate,GardenBird",3.00,
197,"StarlingVintageBookPageFamiliarWildBirds,Swaysland,NatureIllustration,Art,Painting,Ornithology,BookPlate,GardenBird",3.50,
198,"CuckooVintageBookPageFamiliarWildBirds,Swaysland,NatureIllustration,Art,Painting,Ornithology,BookPlate,GardenBird",3.00,
199,"ShieldrakeDuckVintageBookPageFamiliarWildBirds,Swaysland,NatureIllustration,Art,Painting,Ornithology,BookPlate,GardenBird",3.00,
200,"TawnyOwlVintageBookPageFamiliarWildBirds,Swaysland,NatureIllustration,Art,Painting,Ornithology,BookPlate,GardenBird",4.00,
201,"OriginalChromolithographPlateDeer,Print,BookPage,WallDecor,Art,Ephemera,Lithograph,Animal,Nature,MammalNaturalHistory",9.50,
202,"OriginalChromolithographPlateTurtle,Print,BookPage,WallDecor,Art,Ephemera,Lithograph,Animal,Nature,ReptileNaturalHistory",9.50,
203,"GoldDragonfly(Rhinocyphaanisoptera)IndonesiaTaxidermyFrame,InsectWallArtHomeDecor,Entomology,Mounted,Gift,Curiosity,DeepBox",22.00,
204,"CootVintageBookPageFamiliarWildBirds,Swaysland,NatureIllustration,Art,Painting,Ornithology,BookPlate,GardenBird",3.00,
205,"BuzzardVintageBookPageFamiliarWildBirds,Swaysland,NatureIllustration,Art,Painting,Ornithology,BookPlate,GardenBird",3.00,
206,"HawfinchVintageBookPageFamiliarWildBirds,Swaysland,NatureIllustration,Art,Painting,Ornithology,BookPlate,GardenBird",3.50,
207,"HouseSparrowVintageBookPageFamiliarWildBirds,Swaysland,NatureIllustration,Art,Painting,Ornithology,BookPlate,GardenBird",3.00,
208,"BramblingVintageBookPageFamiliarWildBirds,Swaysland,NatureIllustration,Art,Painting,Ornithology,BookPlate,GardenBird",3.00,
209,"SwallowVintageBookPageFamiliarWildBirds,Swaysland,NatureIllustration,Art,Painting,Ornithology,BookPlate,GardenBird",3.50,
210,"ShovellerDuckVintageBookPageFamiliarWildBirds,Swaysland,NatureIllustration,Art,Painting,Ornithology,BookPlate,GardenBird",3.00,
211,"CommonScooterVintageBookPageFamiliarWildBirds,Swaysland,NatureIllustration,Art,Painting,Ornithology,BookPlate,GardenBird",3.00,
212,"RingOuzelVintageBookPageFamiliarWildBirds,Swaysland,NatureIllustration,Art,Painting,Ornithology,BookPlate,GardenBird",3.00,
213,"HoodedCrowVintageBookPageFamiliarWildBirds,Swaysland,NatureIllustration,Art,Painting,Ornithology,BookPlate,GardenBird",3.00,
214,"RedKiteVintageBookPageFamiliarWildBirds,Swaysland,NatureIllustration,Art,Painting,Ornithology,BookPlate,GardenBird",3.50,
215,"BlackRedstartVintageBookPageFamiliarWildBirds,Swaysland,NatureIllustration,Art,Painting,Ornithology,BookPlate,GardenBird",3.00,
216,"SkuaVintageBookPageFamiliarWildBirds,Swaysland,NatureIllustration,Art,Painting,Ornithology,BookPlate,GardenBird",3.00,
217,"RedwingVintageBookPageFamiliarWildBirds,Swaysland,NatureIllustration,Art,Painting,Ornithology,BookPlate,GardenBird",2.50,
218,"CirlBuntingVintageBookPageFamiliarWildBirds,Swaysland,NatureIllustration,Art,Painting,Ornithology,BookPlate,GardenBird",3.00,
219,"RuffVintageBookPageFamiliarWildBirds,Swaysland,NatureIllustration,Art,Painting,Ornithology,BookPlate,GardenBird",3.00,
220,"RedshankVintageBookPageFamiliarWildBirds,Swaysland,NatureIllustration,Art,Painting,Ornithology,BookPlate,GardenBird",3.00,
221,"Long-earedowlVintageBookPageFamiliarWildBirds,Swaysland,NatureIllustration,Art,Painting,Ornithology,BookPlate,GardenBird",3.50,
222,"CommonSandpiperVintageBookPageFamiliarWildBirds,Swaysland,NatureIllustration,Art,Painting,Ornithology,BookPlate,GardenBird",3.00,
223,"WhinchatVintageBookPageFamiliarWildBirds,Swaysland,NatureIllustration,Art,Painting,Ornithology,BookPlate,GardenBird",3.00,
224,"SpottedFlycatcherVintageBookPageFamiliarWildBirds,SwayslandNatureIllustration,Art,Painting,Ornithology,BookPlate,GardenBird",3.00,
225,"PochardDuckVintageBookPageFamiliarWildBirds,Swaysland,NatureIllustration,Art,Painting,Ornithology,BookPlate,GardenBird",3.00,
226,"WigeonDuckVintageBookPageFamiliarWildBirds,Swaysland,NatureIllustration,Art,Painting,Ornithology,BookPlate,GardenBird",3.00,
227,"LittleStintVintageBookPageFamiliarWildBirds,Swaysland,NatureIllustration,Art,Painting,Ornithology,BookPlate,GardenBird",3.00,
228,"WaterRailVintageBookPageFamiliarWildBirds,Swaysland,NatureIllustration,Art,Painting,Ornithology,BookPlate,GardenBird",3.00,
229,"White-tailedEagleVintageBookPageFamiliarWildBirds,SwayslandNatureIllustration,Art,Painting,Ornithology,BookPlate,GardenBird",3.50,
230,"White-throatVintageBookPageFamiliarWildBirds,Swaysland,NatureIllustration,Art,Painting,Ornithology,BookPlate,GardenBird",3.00,
231,"BarnOwlVintageBookPageFamiliarWildBirds,Swaysland,NatureIllustration,Art,Painting,Ornithology,BookPlate,GardenBird",3.50,
232,"StockDoveVintageBookPageFamiliarWildBirds,Swaysland,NatureIllustration,Art,Painting,Ornithology,BookPlate,GardenBird",3.00,
233,"GreyPhalaropeVintageBookPageFamiliarWildBirds,Swaysland,NatureIllustration,Art,Painting,Ornithology,BookPlate,GardenBird",3.00,
234,"SandMartinVintageBookPageFamiliarWildBirds,Swaysland,NatureIllustration,Art,Painting,Ornithology,BookPlate,GardenBird",3.00,
235,"Ephemerapack,Blackandwhitewriting,Illustrations,Flowers,History,Vintage,Paper,,Scrapbooking,JunkJournal,Decoupage",5.00,
236,MammalsVintageBookPrintPageLithographPlate-NatureNaturalHistoryWatercolourIllustrationPineMartenBadgerWeaselStoatPolecat,3.50,1 person's basket
237,"MushroomsVintageBookPrint/Page/Plate-InsectsNatureNaturalHistoryWatercolourIllustration,Toadstool,Boletus",3.50,
238,"Clubmoss,Horsetail,FernsVintageBookPrint/Page/Plate-InsectsNatureNaturalHistoryWatercolourIllustration,Plants,Botany",2.50,
239,"MushroomsVintageBookPrint/Page/Plate-InsectsNatureNaturalHistoryWatercolourIllustration,Toadstool,BracketFungi",2.50,
240,"TawnyOwlVintageBookPageFamiliarWildBirds,Swaysland,NatureIllustration,Art,Painting,Ornithology,BookPlate,GardenBird",4.00,
241,"OriginalChromolithographPlateDeer,Print,BookPage,WallDecor,Art,Ephemera,Lithograph,Animal,Nature,MammalNaturalHistory",9.50,
242,"OriginalChromolithographPlateTurtle,Print,BookPage,WallDecor,Art,Ephemera,Lithograph,Animal,Nature,ReptileNaturalHistory",9.50,
243,"GoldDragonfly(Rhinocyphaanisoptera)IndonesiaTaxidermyFrame,InsectWallArtHomeDecor,Entomology,Mounted,Gift,Curiosity,DeepBox",22.00,
244,"MammalsVintageBookPrintPageLithographPlate-NatureNaturalHistoryWatercolourIllustration,RedSquirrel,Rabbit,DormouseRodent",3.50,
245,MammalsVintageBookPrintPageLithographPlate-NatureNaturalHistoryWatercolourIllustrationBrownBearSealPorpoiseDolphin,3.50,
246,"LichensVintageBookPrint/Page/Plate-InsectsNatureNaturalHistoryWatercolourIllustration,Plants,Botany",3.00,
247,"MammalsVintageBookPrintPageLithographPlate-NatureNaturalHistoryWatercolourIllustrationElk,Ibex,Bison,Goat",3.50,
248,"MushroomsVintageBookPrint/Page/Plate-InsectsNatureNaturalHistoryWatercolourIllustration,Toadstool,Mushroom",3.50,
249,"MammalsVintageBookPrintPageLithographPlate-NatureNaturalHistoryWatercolourIllustration,Rat,Vole,Beaver,Rodent",3.50,
250,"MammalsVintageBookPrintPageLithographPlate-NatureNaturalHistoryWatercolourIllustrationHedgehog,Shrew,Mole",3.50,
251,"MammalsVintageBookPrintPageLithographPlate-NatureNaturalHistoryWatercolourIllustrationBoarFallow,Red,SikaRoeDeer",3.50,
252,"MossesVintageBookPrint/Page/Plate-NatureNaturalHistoryWatercolourIllustration,Plants,Botany,Moss",2.50,1 person's basket
253,MammalsVintageBookPrintPageLithographPlate-NatureNaturalHistoryWatercolourIllustrationOtterLynxWolfFoxCat,3.50,
254,"MushroomsVintageBookPrint/Page/Plate-InsectsNatureNaturalHistoryWatercolourIllustration,FlyAgaric,Toadstool,DeathCap",3.50,1 person's basket
255,"MushroomsVintageBookPrint/Page/Plate-InsectsNatureNaturalHistoryWatercolourIllustration,Stinkhorn,Puffball,",3.00,
256,SlugandSnailsVintageBookPrintPageLithographPlate-MolluscNatureNaturalHistoryWatercolourIllustrationBook,2.00,
257,"ShellsVintageBookPrintPageLithographPlate-MolluscNatureNaturalHistoryWatercolourIllustrationBookMussel,Oyster,Scallop",2.00,
258,"Setof2ArachnidVintageBookPrint,Page,Plate-InsectsNatureNaturalHistoryWatercolourIllustrationBook,JumpingSpider,Orbweaver",3.50,1 person's basket
259,"LargeNatureEphemerapack,Butterflies,Birds,Mammals,Insects,Caterpillars,Flowers,Vintage,Paper,Nature,Scrapbooking,JunkJournal",4.50,
260,"MothVintageBookPrint/Page/Plate-Insect,Nature,NaturalHistoryIllustration,Caterpillar,Cocoon,Plant,Hawkmoth,Deathshead,",4.00,1 person's basket
261,"Setof3MothVintageBookPrint/Page/Plate-Insect,Nature,NaturalHistoryIllustration,Caterpillar,Cocoon,Plant,Pyralidae",4.00,
262,DeathsheadHawkmothMothVintageBookPrint/Page/Lithograph/Plate-InsectsNatureNaturalHistoryWatercolourIllustrationBook,4.00,
263,"Setof2VintageFlyBookPrint/Page/Plate-Insects,Cranefly,Flies,NatureNaturalHistoryWatercolourIllustrationBookInsect",2.50,
264,"MothVintageBookPrint/Page/Plate-Insect,Nature,NaturalHistoryIllustration,Caterpillar,Cocoon,Plant,Inchworm,Looper",3.00,
265,"BeetlesVintageBookPrint/Page/Plate-InsectsNatureNaturalHistoryWatercolourIllustrationBeetle,Grub,Larvae,Longhorn",3.50,
266,"AntandWaspsVintageBookPrint/Page/Plate-InsectsNatureNaturalHistoryWatercolourIllustrationHymenoptera,Jewelwasp",2.50,
267,"OrthopteraVintageBookPrint/Page/Plate-InsectsNatureNaturalHistoryWatercolourIllustrationGrasshopper,MoleCricket",3.50,
268,"MothVintageBookPrint/Page/Plate-Insect,Nature,NaturalHistoryIllustration,Caterpillar,Cocoon,Plant,Clearwing",3.00,
269,"ShieldBugVintageBookPrint/Page/Plate-InsectsNatureNaturalHistoryWatercolourIllustrationWaterScorpion,StinkBugAssassin",2.50,
270,"MothVintageBookPrint/Page/Plate-Insect,Nature,NaturalHistoryIllustration,Caterpillar,Cocoon,Plant,Saturniidae,Emperor",3.50,
271,"FernsVintageBookPrint/Page/Plate-NatureNaturalHistoryWatercolourIllustration,Plants,Botany,Green,Botanical",2.50,2 people's basket
272,"MothVintageBookPrint/Page/Plate-Insect,Nature,NaturalHistoryIllustration,Caterpillar,Cocoon,Plant,Saturniidae,Emperor",4.00,
273,"MothVintageBookPrint/Page/Plate-Insect,Nature,NaturalHistoryIllustration,Caterpillar,Cocoon,Plant",2.50,
274,"Setof2BeetleVintageBookPrint/Page/Plate-InsectsNatureNaturalHistoryWatercolourIllustrationBeetle,Weevil,Click,Oil",3.50,
275,"DameHolle,VintagePrint,BookPlate,WallDecor,Hanging,Interior,Art,History,",5.00,
276,"TheFeastoftheFlagsinJapanBookPage,VintagePrint,BookPlate,WallDecor,Hanging,Interior,Art,Festival,Flags",6.00,
277,"CastingataModernFoundryBookPage,VintagePrint,BookPlate,WallDecor,Hanging,Interior,Art,Industrial,Steel",7.00,
278,"FamousPeoplefromHistory,VintagePrint,BookPlate,WallDecor,Hanging,Interior,Art,History,",5.00,
279,"AnEarlyAttemptatConqueringtheAirBookPage,VintagePrint,BookPlate,WallDecor,Hanging,Interior,Art,HotAirBalloon,Dresses.",6.00,
280,"TawnyOwlVintageBookPageFamiliarWildBirds,Swaysland,NatureIllustration,Art,Painting,Ornithology,BookPlate,GardenBird",4.00,
281,"OriginalChromolithographPlateDeer,Print,BookPage,WallDecor,Art,Ephemera,Lithograph,Animal,Nature,MammalNaturalHistory",9.50,
282,"OriginalChromolithographPlateTurtle,Print,BookPage,WallDecor,Art,Ephemera,Lithograph,Animal,Nature,ReptileNaturalHistory",9.50,
283,"GoldDragonfly(Rhinocyphaanisoptera)IndonesiaTaxidermyFrame,InsectWallArtHomeDecor,Entomology,Mounted,Gift,Curiosity,DeepBox",22.00,
284,"TheMountainsoftheMoonBookPage,VintagePrint,BookPlate,WallDecor,Hanging,Interior,Art,Astronomy,Crater,Sky",8.00,
285,"TheBrownies,VintagePrint,BookPlate,WallDecor,Hanging,Interior,Art,History,",4.00,
286,"BrotherandSisterBookPage,VintagePrint,BookPlate,WallDecor,Hanging,Interior,Art,Children,Forest",4.00,
287,"AirportBookPage,VintagePrint,BookPlate,WallDecor,Hanging,Interior,Art,History,Airplane,Transport,Plane",6.00,
288,"Setof2MethodsofTransportAroundtheGlobeBookPage,VintagePrint,BookPlate,WallDecor,Hanging,Interior,Art,Train,Plane,Camel",8.00,
289,"TheAnnualFairVisitsaCountryVillageBookPage,VintagePrint,BookPlate,WallDecor,Hanging,Interior,Art,Fair,Fayre,Carnival",8.00,
290,"TheGooseGirlBookPage,VintagePrint,BookPlate,WallDecor,Hanging,Interior,Art,Princess",6.00,
291,"StFrancisBookPage,VintagePrint,BookPlate,WallDecor,Hanging,Interior,Art,Forest,Animals,Birds,Nature",7.00,
292,"WilliamCaxtonPrintsatWestminsterBookPage,VintagePrint,BookPlate,WallDecor,Hanging,Interior,Art,Paper,BookPrinting",4.00,
293,"RobertBurns,VintagePrint,BookPlate,WallDecor,Hanging,Interior,Art,History,Horse,Countryside",6.00,
294,"ConquerorsoftheOldWorldcometoMexicoBookPage,VintagePrint,BookPlate,WallDecor,Hanging,Interior,Art,History",6.00,
295,"KingArthurSaluteshisQueenBookPage,VintagePrint,BookPlate,WallDecor,Hanging,Interior,Art,History,Royalty",6.00,
296,"Berry-bearingShrubsBookPage,VintagePrint,BookPlate,WallDecor,Hanging,Interior,Art,Plants,Botany,Fruits",8.00,
297,"RomanyTravellers,VintagePrint,BookPlate,WallDecor,Hanging,Interior,Art,History,",5.00,
298,"FamousTapestries,VintagePrint,BookPlate,WallDecor,Hanging,Interior,Art,History,",6.00,
299,"KingThrostlebeardBookPage,VintagePrint,BookPlate,WallDecor,Hanging,Interior,Art,History",8.00,
300,"OrchidFlowerPrintBookPlate,VintagePage,Antique,Pink,WallDecor,Hanging,Interior,Art,Colour,Ephemera,Nature,Lithograph",15.00,
301,"LiliesFlowerPrintBookPlate,VintagePage,Antique,Liliums,WallDecor,Hanging,Interior,Art,Colour,Ephemera,Nature,Lithograph",15.00,
302,"OrchidHybridFlowerPrintBookPlate,VintagePage,Antique,Red,WallDecor,Hanging,Interior,Art,Colour,Ephemera,Nature,Lithograph",15.00,
303,"DaffodilNarcissiFlowerPrintBookPlate,VintagePage,Antique,Yellow,WallDecor,Hanging,Interior,Art,Colour,Ephemera,Nature",15.00,
304,"BirdofParadiseFlowerPrintBookPlate,VintagePage,Orange,Antique,WallDecor,Hanging,Interior,Art,Colour,Ephemera,Muckley",15.00,
305,"Suttons:BluePrimulaFlowerPrintBookPlate,VintagePage,Purple,Antique,WallDecor,Hanging,Interior,Art,Colour,Ephemera,Nature",15.00,
306,"MichaelmasDaisies(Asters)FlowerPrintBookPlate,VintagePage,Antique,Purple,WallDecor,Hanging,Interior,Art,Colour,Ephemera",15.00,
307,"RhododendronFlowerPrintBookPlate,VintagePage,Orange,Antique,WallDecor,Hanging,Interior,Art,Colour,Ephemera,NatureLithograph",15.00,
308,"RosesFlowerPrintBookPlate,VintagePage,Red,PinkAntique,WallDecor,Hanging,Interior,Art,Colour,Ephemera,Nature,Lithograph",10.00,
309,"RealTaxidermyJungleJadeSwallowtailButterfly(Papiliokarnakarna)BlackFrame,Insect,Entomology,Homedecor,Wall,Curiosity,Gift",30.00,2 people's basket
310,"RealPressedTulipFlowerFrameRoseGold,Herbarium,Floating,Chain,Floral,Botanical,Botany,Wallhanging,Petals,Yellow,Red,Unique",26.00,
311,"BirdsofPreyVintageBookPrintPagePlate-NatureNaturalHistoryWatercolourIllustrationBookBirdTawny,Little,Barnowl,Cuckoo",3.50,
312,"ButterflyVintageBookPrint,Page,Plate-Insect,Whites,Yellow,Brimstone,Orange-tip,NatureNaturalHistory,Illustration,Walldecor",3.00,1 person's basket
313,"ButterflyVintageBookPrint,Page,Plate-Insect,Peacock,Camberwell,CommaNatureNaturalHistory,Illustration,Walldecor",3.00,
314,"BeetleVintageBookPrint,Page,Plate-InsectsCarabidae,TigerBeetles,NatureNaturalHistoryWatercolourIllustrationBook",3.00,
315,"BeetleVintageBookPrint,Page,Plate-InsectsCarabidae,WaterBeetles,NatureNaturalHistoryWatercolourIllustrationBook",3.50,
316,"ButterflyVintageBookPrint,Page,Plate-Insect,RedAdmiral,Emperor,Fritillary,NatureNaturalHistory,Illustration,Walldecor",3.00,
317,"Whooper,MuteSwanOriginalBookPlatePaintingbyG.E.Collins,VintageArt,Bird,NatureIllustration,WallDecor,Birds,Ornithology,",15.00,
318,"BitternOriginalBookPlatePaintingbyA.W.Seaby,VintageArt,Bird,NatureIllustration,WallDecor,Birds,Ornithology",15.00,2 people's basket
319,"CormorantOriginalBookPlatePaintingbyA.W.Seaby,VintageArt,Bird,NatureIllustration,WallDecor,Birds,Ornithology",15.00,
320,"TawnyOwlVintageBookPageFamiliarWildBirds,Swaysland,NatureIllustration,Art,Painting,Ornithology,BookPlate,GardenBird",4.00,
321,"OriginalChromolithographPlateDeer,Print,BookPage,WallDecor,Art,Ephemera,Lithograph,Animal,Nature,MammalNaturalHistory",9.50,
322,"OriginalChromolithographPlateTurtle,Print,BookPage,WallDecor,Art,Ephemera,Lithograph,Animal,Nature,ReptileNaturalHistory",9.50,
323,"GoldDragonfly(Rhinocyphaanisoptera)IndonesiaTaxidermyFrame,InsectWallArtHomeDecor,Entomology,Mounted,Gift,Curiosity,DeepBox",22.00,
324,"HeronOriginalBookPlatePaintingbyA.W.Seaby,VintageArt,Bird,NatureIllustration,WallDecor,Birds,Ornithology",15.00,
325,"JoanofArcBookPages,VintagePrint,WallDecor,Hanging,Doublesided,Art,Ephemera,History,Women",4.00,1 person's basket
326,"GullsOriginalBookPlatePaintingbyA.W.Seaby,VintageArt,Bird,NatureIllustration,WallDecor,Birds,Ornithology,Herringgull",15.00,
327,"GannetsOriginalBookPlatePaintingbyWinfredAusten,VintageArt,Bird,NatureIllustration,WallDecor,Birds,Ornithology",15.00,
328,"TealandGadwallducksOriginalBookPlatePaintingbyA.W.Seaby,VintageArt,Bird,NatureIllustration,WallDecor,Birds,Ornithology,",15.00,
329,"GoldfinchesOriginalBookPlatePaintingbyAlf.Priest,VintageArt,Bird,NatureIllustration,WallDecor,Birds,Ornithology,Goldfinch",15.00,
330,"ThreeVertebratesVintageBiologyScienceBookbyWells,Dissection,Anatomy,Textbook,Frog,Rabbit",8.00,
331,"BirdeggVintageBookPageFamiliarWildBirds,Swaysland,NatureIllustration,Painting,Ornithology,BookPlate,JournalEphemera,Eggs",6.00,
332,"WonderfulParisBookPagesPrint,Vintage,WallDecor,Hanging,Doublesided,Art,Ephemera,France,Eiffeltower",3.00,
333,"MushroomBoletusFungiColouredVintageArtPrintA4,Natureillustration,Toadstool,",7.50,
334,"ReptileVintageBookPage,Print,Plate-Nature,NaturalHistoryIllustration,Ephemera,Scrapbooking,Journal,Snake's,Lizards",3.50,
335,"Moon'Thestoryoftheheavens'LithographPrintBookPage,Vintage,WallDecor,Hanging,Doublesided,Art,Black&White,Astronomy",2.00,1 person's basket
336,"Cicada(Trengganuasybylla)TaxidermyBlackFrame,Insect,Malaysia,GreenandYellow,WallArt,Decor,Entomology,Mounted,Gift,Curiosity",25.00,
337,"GiantScoliidWasp(Megascoliaprocer)TaxidermyBlackFrame,Insect,Hymenoptera,WallArt,Decor,Entomology,Mounted,Gift,Curiosity",25.00,
338,"PillMillipedeArtA4PrintBlackandWhiteDotwork*LimitedPrints*PontillismDrawingWallhanging,Decor,Crustacean,Natureillustration",16.50,
339,"ButterflyVintageBookPrint/Page/Plate-InsectsSwallowtail,Copper,Blue,NatureNaturalHistoryWatercolourIllustration,Walldecor",3.00,1 person's basket
340,"PeregrineFalconVintageBookPageFamiliarWildBirds,Swaysland,NatureIllustration,Art,Painting,Ornithology,BookPlate,GardenBird",3.50,
341,"PheasantVintageBookPageFamiliarWildBirds,Swaysland,NatureIllustration,Art,Painting,Ornithology,BookPlate,GardenBird",3.50,
342,"PtarmiganVintageBookPageFamiliarWildBirds,Swaysland,NatureIllustration,ThorburnPainting,Ornithology,BookPlate,GardenBird",3.50,
343,"RazorbillVintageBookPageFamiliarWildBirds,Swaysland,NatureIllustration,Art,Painting,Ornithology,BookPlate,GardenBird",3.00,
344,"RedpollVintageBookPageFamiliarWildBirds,Swaysland,NatureIllustration,Art,Painting,Ornithology,BookPlate,GardenBird",3.00,
345,"TawnyOwlVintageBookPageFamiliarWildBirds,Swaysland,NatureIllustration,Art,Painting,Ornithology,BookPlate,GardenBird",4.00,
346,"JackSnipeVintageBookPageFamiliarWildBirds,Swaysland,NatureIllustration,Art,Painting,Ornithology,BookPlate,GardenBird",2.00,
347,"LapwingVintageBookPageFamiliarWildBirds,Swaysland,NatureIllustration,Art,Painting,Ornithology,BookPlate,GardenBird",3.00,
348,"MagpieVintageBookPageFamiliarWildBirds,Swaysland,NatureIllustration,Art,Painting,Ornithology,BookPlate,GardenBird",4.00,
349,"MallardVintageBookPageFamiliarWildBirds,Swaysland,NatureIllustration,Art,Painting,Ornithology,BookPlate,GardenBird",2.00,
350,"GyrFalconVintageBookPageFamiliarWildBirds,Swaysland,NatureIllustration,Art,Painting,Ornithology,BookPlate,GardenBird",3.00,
351,"MistleThrushVintageBookPageFamiliarWildBirds,Swaysland,NatureIllustration,Art,Painting,Ornithology,BookPlate,GardenBird",3.00,
352,"HedgeSparrowVintageBookPageFamiliarWildBirds,Swaysland,NatureIllustration,Art,Painting,Ornithology,BookPlate,GardenBird",2.00,
353,"HerringGullVintageBookPageFamiliarWildBirds,Swaysland,NatureIllustration,Art,Painting,Ornithology,BookPlate,GardenBird",3.00,
354,"FieldfareVintageBookPageFamiliarWildBirds,Swaysland,NatureIllustration,Art,Painting,Ornithology,BookPlate,GardenBird",3.00,
355,"TealDuckVintageBookPageFamiliarWildBirds,Swaysland,NatureIllustration,Art,Painting,Ornithology,BookPlate,GardenBird",3.00,
356,"HouseMartinVintageBookPageFamiliarWildBirds,Swaysland,NatureIllustration,Art,Painting,Ornithology,BookPlate,GardenBird",4.00,
357,"WarblerVintageBookPageFamiliarWildBirds,Swaysland,NatureIllustration,Art,Painting,Ornithology,BookPlate,GardenBird",3.00,
358,"PiedWagtailVintageBookPageFamiliarWildBirds,Swaysland,NatureIllustration,Art,Painting,Ornithology,BookPlate,GardenBird",3.00,
359,"CommonBuntingVintageBookPageFamiliarWildBirds,Swaysland,NatureIllustration,Art,Painting,Ornithology,BookPlate,GardenBird",3.00,
360,"TawnyOwlVintageBookPageFamiliarWildBirds,Swaysland,NatureIllustration,Art,Painting,Ornithology,BookPlate,GardenBird",4.00,
361,"OriginalChromolithographPlateDeer,Print,BookPage,WallDecor,Art,Ephemera,Lithograph,Animal,Nature,MammalNaturalHistory",9.50,
362,"OriginalChromolithographPlateTurtle,Print,BookPage,WallDecor,Art,Ephemera,Lithograph,Animal,Nature,ReptileNaturalHistory",9.50,
363,"GoldDragonfly(Rhinocyphaanisoptera)IndonesiaTaxidermyFrame,InsectWallArtHomeDecor,Entomology,Mounted,Gift,Curiosity,DeepBox",22.00,
364,"GoldfinchVintageBookPageFamiliarWildBirds,Swaysland,NatureIllustration,Art,Painting,Ornithology,BookPlate,GardenBird",3.00,
365,"WoodcockVintageBookPageFamiliarWildBirds,Swaysland,NatureIllustration,ThorburnPainting,Ornithology,BookPlate,GardenBird",4.50,
366,"CrossbillVintageBookPageFamiliarWildBirds,Swaysland,NatureIllustration,Art,Painting,Ornithology,BookPlate,GardenBird",3.00,
367,"VintageBookPageBullfinchFamiliarWildBirds,Swaysland,NatureIllustration,Art,Painting,Ornithology,BookPlate,GardenBird",3.00,
368,"GoldenEagleVintageBookPageFamiliarWildBirds,Swaysland,NatureIllustration,Art,Painting,Ornithology,BookPlate,GardenBird",3.50,
369,"YellowhammerVintageBookPageFamiliarWildBirds,Swaysland,NatureIllustration,ThorburnPainting,Ornithology,BookPlate,GardenBird",3.00,
370,"DipperVintageBookPageFamiliarWildBirds,Swaysland,NatureIllustration,Art,Painting,Ornithology,BookPlate,GardenBird",3.00,
371,"VintageBookPageBlack-headedGullFamiliarWildBirds,Swaysland,NatureIllustration,Art,Painting,Ornithology,BookPlate,GardenBird",3.00,
372,"ChoughVintageBookPageFamiliarWildBirds,Swaysland,NatureIllustration,Art,Painting,Ornithology,BookPlate,GardenBird",2.00,
373,"GoldSeahorseBrownFrame,3D,HomeDecor,WallHanging,Desk,Display,Beach,Seashore,Upcycled,Plastic",20.00,1 person's basket
374,"SweetPea,ConvolvulusVintageBookPage,Print,Antique,Botany,Plants,Flowers,Floral,WallDecor,Ephemera,Nature,Botanical,",3.60,
375,"Passionflower,ClematisVintageBookPage,Print,Antique,Botany,Plants,Flowers,Floral,WallDecor,Ephemera,Nature,Botanical,",3.20,
376,"MixedFlowersVintageBookPage,Print,Antique,Botany,Plants,Flowers,Floral,WallDecor,Ephemera,Nature,Botanical,Convolvulus,",3.20,
377,"Potentilla(Rosefamily)VintageBookPage,Prints,Antique,Botany,Plants,Flowers,Floral,WallDecor,Ephemera,Nature,Botanical,",3.20,
378,"SucculentsandSedumsVintageBookPage,Prints,Antique,Botany,Plants,Flowers,Floral,WallDecor,Ephemera,Nature,Botanical,",3.00,
379,"Snake'sHeadFritillaryOrignalArtPrintBlackandWhiteDotworkPontillism,Artwork,Wallhanging,Nature,Fritillaria,Flower,Botany",25.00,
380,"SnailArtA5PrintBlackandWhiteDotworkPontillismDrawingWallhanging,DecorNature,Mollusc,stippling,",6.00,
381,"Snake'sHeadFritillaryArtA5PrintBlackandWhiteDotworkPontillismDrawingWallhanging,DecorNature,Fritillaria,Flower,Botany,",6.00,
382,"HummingbirdToteBag,Canvas,Eco-friendly,Cotton,NatureIllustration,Vintage,Gift,ShoppingBag,Art,Bird,TropicalForest,Animal",12.50,
383,"MushroomBoletusToteBag,Canvas,Eco-friendly,Cotton,NatureIllustration,Fungi,Toadstool,Vintage,Gift,ShoppingBag,Art,Toadstool",12.50,
384,"ShellToteBag,Canvas,Eco-friendly,Cotton,NatureIllustration,Vintage,Gift,ShoppingBag,Art,Seashore,Beach",12.50,
385,"BeetleToteBag,Canvas,Eco-friendly,Cotton,NatureIllustration,Vintage,Gift,ShoppingBag,Art,Insect",12.50,
386,"BotanicalCacaofruitToteBag,Canvas,Eco-friendly,Cotton,NatureIllustration,Vintage,Gift,ShoppingBag,Art,Plant",12.50,
387,"GoliathBeetleToteBag,Canvas,Eco-friendly,Cotton,NatureIllustration,Insect,Gift,ShoppingBag,ArtPrint",12.50,
388,BirdsofPreyVintageBookPrintPageLithographPlate-NatureNaturalHistoryWatercolourIllustrationBookBird,3.50,
389,MothVintageBookPrint/Page/Lithograph/Plate-InsectsKentishGloryOakEggarNatureNaturalHistoryWatercolourIllustrationBook,3.00,
390,LonghornBeetlesVintageBookPrintPageLithographPlate-InsectBeetleNatureNaturalHistoryWatercolourIllustrationBook,3.00,
391,"PortraitManusingWirelessatSeaLithographPrintBookPage,Vintage,WallDecor,Hanging,Interior,Art,Colour,ArchibaldWebb",7.65,
392,"WarningBeacononDangerousRocksLithographPrint,BookPage,Vintage,WallDecor,Hanging,Interior,Art,Colour,Building,Lighthouse,",9.00,
393,"FairytaleLithographPrintsSetof3-BookPages,Vintage,WallDecor,Art,SnowWhite&Rose-red,LittleRedRidingHood,PiedPiper",18.00,
394,"FlagLithographPrint,BookPage,Vintage,WallDecor,Hanging,Art,Countries,Flags&BadgesBritishEmpire,UnionJack",5.85,
395,"TheLightsofManhattan-LithographPrint,BookPage,Vintage,WallDecor,Art,NewYork,Skyscrapers,BrooklynBridge,HudsonRiver",9.00,
396,"ChildStudiesbyFamousBritishArtistsLithographPrint,BookPage,Vintage,WallDecor,Hanging,Interior,Art,Colour,Children,Painting",6.30,
397,"AStrangeHarvestfromtheSeaLithographPrint,BookPage,Vintage,WallDecor,Hanging,Art,Horse,Colour,Beach,Nature,seaweed",9.00,
398,"HorsemenofDifferentAgesandClimesLithographPrintBookPage,Vintage,WallDecor,Hanging,Interior,Art,Horses,History,Cowboy",6.30,
399,"FairytaleLithographPrintsSetof3-BookPages,Vintage,WallDecor,Hanging,Art,Colour,SnowWhite,Cinderella,Hansel&Gretel",18.00,
400,"TawnyOwlVintageBookPageFamiliarWildBirds,Swaysland,NatureIllustration,Art,Painting,Ornithology,BookPlate,GardenBird",4.00,
401,"OriginalChromolithographPlateDeer,Print,BookPage,WallDecor,Art,Ephemera,Lithograph,Animal,Nature,MammalNaturalHistory",9.50,
402,"OriginalChromolithographPlateTurtle,Print,BookPage,WallDecor,Art,Ephemera,Lithograph,Animal,Nature,ReptileNaturalHistory",9.50,
403,"GoldDragonfly(Rhinocyphaanisoptera)IndonesiaTaxidermyFrame,InsectWallArtHomeDecor,Entomology,Mounted,Gift,Curiosity,DeepBox",22.00,
404,"AnatomicalLithographsPrintBookPage,Vintage,WallDecor,HangingArt,Black&White,Molar,Medical",8.50,
405,"StagBeetle(Cyclommatustarandus)TaxidermyBlackFrame,Insect-WallArt-HomeDecor-Entomology-Mounted-Gift,Lucanidae,curiosity",16.00,
406,FlowerBeetle(Dicranocephaluswallichibowringi)TaxidermyBlackFrame-InsectWallArtHomeDecorEntomologyMountedPinnedGiftChina,14.20,
407,WaspsVintageBookPrint/Page/Lithograph/Plate-InsectNatureNaturalHistoryVelvetAntHornetWatercolourIllustrationBook,3.50,
408,MothVintageBookPrint/Page/Lithograph/Plate-InsectsTigerMothNatureNaturalHistoryWatercolourIllustrationBook,3.50,1 person's basket
409,WaspVintageBookPrint/Page/Lithograph/Plate-InsectsParasiticGallIchneumonNatureNaturalHistoryWatercolourIllustrationBook,3.00,
410,EmperorMothsVintageBookPrint/Page/Lithograph/Plate-InsectsClearwingNatureNaturalHistoryWatercolourIllustrationBook,4.00,
411,HawkmothVintageBookPrint/Page/Lithograph/Plate-ElephantLimePrivetMothsNatureNaturalHistoryWatercolourIllustrationBook,5.00,
412,CrustaceansVintageBookPrint/Page/Lithograph/Plate-LobsterHermitCrayfishNatureNaturalHistoryWatercolourIllustrationBook,5.00,
413,RedDevilCicada(Huechysincarnata)TaxidermyBlackFrame-Insect-WallArt-HomeDecor-Entomology-Mounted-Gift-Red-Small,16.50,1 person's basket
414,"Fifty-TwoNatureRambles-aseriesofopenairtalksforyoungpeople-Vintage,Antiquarian,Gift,OldNaturalHistoryBook,Westell,1924",12.00,
415,"Botanical-SetofVintageBookPages,NatureIllustrations,Plants,Flowers,Floral,Scrapbooking,Journal,Print,Collage,Paper,Tree",3.00,
416,"Fish-Setof8VintageBookPages,NatureIllustrations,Fishing,Scrapbooking,Journal,Frame,Print,Collage,Paper",6.50,
417,"DecorativeGoldDinosaurandAnimalOrnamentDisplayUpcycledHomeDecorInteriorCenterpiece,pterodactyl",4.00,
418,BlueWeevil(Eupholusschoenherri)BeetleTaxidermyFrame-Insect-WallArt-HomeDecor-Entomology-Mounted-Gift,14.50,
419,"RealTaxidermyJemberJewelBeetle(Chrysochroafulminansjember)WingsDisplayed-BlackBoxFrame,Insect,Entomology,Gift,Green,Curio",15.00,
